Workbook

Sheet README
A1: ACP Tracker v2 — README
A3: Purpose
A4: This file is the canonical state ledger for Vincent's contract negotiations. It is the migration target for the existing MEPA_MPA_Tracker.xlsx and the input to Agent 3 (State Manager) in the ACP architecture.
A6: Schema Version
A7: v2.0 — corresponds to ACP Architecture Specification v2.4 (Section 6.1). Phase 1 contract types: MEPA, MPA.
A9: How to Use This Workbook
A10: • Negotiations sheet: the live tracker. All v1 rows preserved. New v2 columns added at the right.
A11: • Schema Reference sheet: column-by-column documentation including writer (Human / Agent / Formula) and valid values.
A12: • Reference Data sheet: dropdown lists for validated columns. Edit here to extend valid values.
A13: • Summary sheet: live formula-driven counts. No manual maintenance.
A15: Color Conventions on the Negotiations Sheet
A16: • Pale green column header background = human-writable (SCM owns these columns).
... A35: The Contract Type column was inferred automatically from v1 data. Most rows were defaulted to MEPA. Rows where the v1 Comments column contained "Have MPA in place" were marked MPA (rows 17 and 18: Virginia Transformer and Crawford). However, some rows have ambiguous status indicators that may warrant review: • Row 15 (Giga): status is "MPA Sent" — currently marked MEPA, may be MPA. • Row 29 (Bizlink): status is "MPA Sent" — currently marked MEPA, may be MPA. Action: review the Contract Type column for all 36 negotiations and correct as needed. The values are dropdown-validated against the Reference Data sheet.

Sheet Negotiations
A1: ACP Tracker — Contract Negotiation Central Repository
A2: ACP Architecture Spec v2.4 — Phase 1 Scope: MEPA and MPA
A3: # | B3: Category | C3: Priority | D3: Counterparty / Description | E3: Who's Court | F3: Status | G3: Comments | H3: Action / Next Steps | I3: Contract Type | J3: Owner (SCM) | K3: Round Number | L3: Last Antora Version Sent | M3: Last Counterparty Version | N3: Last Activity Date | O3: Days Since Last Activity | P3: Gmail Thread ID | Q3: Drive Folder Path | R3: LRS Status | S3: Counterparty Profile Ref | T3: Last LRS Sent Date | U3: Automation Status | V3: Audit Log Ref
A4: Human | B4: Human | C4: Human | D4: Human | E4: Human | F4: Human | G4: Human | H4: Human | I4: Human | J4: Human | K4: Agent | L4: Agent | M4: Agent | N4: Agent | O4: Formula | P4: Agent | Q4: Agent | R4: Agent | S4: Agent | T4: Agent | U4: Human | V4: Agent
A5: 1 | B5: BOP-EE | C5: High | D5: Texas Transformers - 67 1.5MVA TES XFMRs | E5: Vincent | F5: Negotiating | H5: Vincent to send redline review to Sandy | I5: MEPA | J5: Vincent | O5: =IF(ISBLANK(N5),"",TODAY()-N5) | Q5: ACP_Negotiations_Vincent/MEPA/Texas_Transformers/ | U5: Manual Only
A6: 2 | B6: BOP-EE | C6: High | D6: MCM Engineering - PDC | E6: Vincent | F6: Negotiating | H6: Vincent to provide updated MEPA based on redline feedback and agreed upon T&Cs | I6: MEPA | J6: Vincent | O6: =IF(ISBLANK(N6),"",TODAY()-N6) | Q6: ACP_Negotiations_Vincent/MEPA/MCM_Engineering/ | U6: Manual Only
A7: 3 | B7: BOP-EE | C7: High | D7: Federal Pacific (Electro Mechanical) - TES SWGR | E7: Vincent | F7: Negotiating | H7: Jeff would like Vincent to review the LRS and update strategy | I7: MEPA | J7: Vincent | O7: =IF(ISBLANK(N7),"",TODAY()-N7) | Q7: ACP_Negotiations_Vincent/MEPA/Federal_Pacific_(Electro_Mechanical)/ | U7: Manual Only
A8: 4 | B8: BOP-EE | C8: High | D8: International Electric Co., Ltd. - MV XFMRs | E8: Legal | F8: Requested | H8: Sandy to send over to IEC | I8: MEPA | J8: Vincent | O8: =IF(ISBLANK(N8),"",TODAY()-N8) | Q8: ACP_Negotiations_Vincent/MEPA/International_Electric_Co_Ltd/ | U8: Manual Only
A9: 5 | B9: BOP-EE | C9: - | D9: Avail (now nVent) - Primary SWGR | E9: Supplier | F9: Negotiating | H9: Vincent to follow up | I9: MEPA | J9: Vincent | O9: =IF(ISBLANK(N9),"",TODAY()-N9) | Q9: ACP_Negotiations_Vincent/MEPA/Avail_(now_nVent)/ | U9: Manual Only
A10: 6 | B10: BOP-EE | C10: - | D10: Rexel (Rockwell) - Variable Frequency Drives | E10: Vincent | F10: Not Started | H10: Vincent to collect information for MEPA execution | I10: MEPA | J10: Vincent | O10: =IF(ISBLANK(N10),"",TODAY()-N10) | Q10: ACP_Negotiations_Vincent/MEPA/Rexel_(Rockwell)/ | U10: Manual Only
A11: 7 | B11: BOP-EE | C11: - | D11: Cummins | E11: Legal | F11: Negotiating | H11: Sandy has edits from Jeff and will send to Vincent | I11: MEPA | J11: Vincent | O11: =IF(ISBLANK(N11),"",TODAY()-N11) | Q11: ACP_Negotiations_Vincent/MEPA/Cummins/ | U11: Manual Only
A12: 8 | B12: BOP-EE | C12: High | D12: Shermco | E12: Legal | F12: Requested | H12: Vincent submitted request to the contract tool | I12: MEPA | J12: Vincent | O12: =IF(ISBLANK(N12),"",TODAY()-N12) | Q12: ACP_Negotiations_Vincent/MEPA/Shermco/ | U12: Manual Only
A13: 9 | B13: BOP-EE | C13: High | D13: Hitachi | E13: Supplier | F13: Negotiating | H13: Sandy to send MEPA to Hitachi | I13: MEPA | J13: Vincent | O13: =IF(ISBLANK(N13),"",TODAY()-N13) | Q13: ACP_Negotiations_Vincent/MEPA/Hitachi/ | U13: Manual Only
A14: 10 | B14: BOP-EE | C14: - | D14: Toshiba | E14: Supplier | F14: Negotiating | H14: Vincent to follow up with supplier | I14: MEPA | J14: Vincent | O14: =IF(ISBLANK(N14),"",TODAY()-N14) | Q14: ACP_Negotiations_Vincent/MEPA/Toshiba/ | U14: Manual Only
A15: 11 | B15: BOP-EE | C15: - | D15: JST | E15: Legal | F15: Negotiating | H15: NDA finalized; LRS in legal's court | I15: MEPA | J15: Vincent | O15: =IF(ISBLANK(N15),"",TODAY()-N15) | Q15: ACP_Negotiations_Vincent/MEPA/JST/ | U15: Manual Only
A16: 12 | B16: BOP-EE | C16: High | D16: KEREC | E16: Legal | F16: Negotiating | H16: Legal to send initial request to KEREC | I16: MEPA | J16: Vincent | O16: =IF(ISBLANK(N16),"",TODAY()-N16) | Q16: ACP_Negotiations_Vincent/MEPA/KEREC/ | U16: Manual Only
... A18: 14 | B18: BOP-EE | C18: High | D18: PEL | E18: Supplier | F18: Redlines Received | H18: PEL to send MEPA with redlines back to Antora | I18: MEPA | J18: Vincent | O18: =IF(ISBLANK(N18),"",TODAY()-N18) | Q18: ACP_Negotiations_Vincent/MEPA/PEL/ | U18: Manual Only
A19: 15 | B19: BOP-EE | C19: - | D19: Giga | E19: Supplier | F19: MPA Sent | I19: MEPA | J19: Vincent | O19: =IF(ISBLANK(N19),"",TODAY()-N19) | Q19: ACP_Negotiations_Vincent/MEPA/Giga/ | U19: Manual Only
A20: 16 | B20: BOP-EE | C20: - | D20: Moonshot | E20: Vincent | F20: Not Started | I20: MEPA | J20: Vincent | O20: =IF(ISBLANK(N20),"",TODAY()-N20) | Q20: ACP_Negotiations_Vincent/MEPA/Moonshot/ | U20: Manual Only
A21: 17 | B21: BOP-EE | C21: - | D21: Virginia Transformer | E21: Completed | F21: Executed / Active | G21: Have MPA in place | I21: MPA | J21: Vincent | O21: =IF(ISBLANK(N21),"",TODAY()-N21) | Q21: ACP_Negotiations_Vincent/MPA/Virginia_Transformer/ | U21: Manual Only
A22: 18 | B22: BOP-EE | C22: - | D22: Crawford | E22: Completed | F22: Executed / Active | G22: Have MPA in place | I22: MPA | J22: Vincent | O22: =IF(ISBLANK(N22),"",TODAY()-N22) | Q22: ACP_Negotiations_Vincent/MPA/Crawford/ | U22: Manual Only
A23: 19 | B23: BOP-EE | C23: - | D23: Concentric (Cummins) - 2MW Generator | E23: Vincent | F23: Not Started | H23: Vincent to collect information for MEPA execution | I23: MEPA | J23: Vincent | O23: =IF(ISBLANK(N23),"",TODAY()-N23) | Q23: ACP_Negotiations_Vincent/MEPA/Concentric_(Cummins)/ | U23: Manual Only
A24: 20 | B24: BOP-Service | C24: - | D24: Shermco - Installation & Commissioning for BOP | E24: Vincent | F24: Negotiating | H24: Vincent to review Jeff's email and send feedback to Shermco | I24: MEPA | J24: Vincent | O24: =IF(ISBLANK(N24),"",TODAY()-N24) | Q24: ACP_Negotiations_Vincent/MEPA/Shermco/ | U24: Manual Only
A25: 21 | B25: BOP-Service | C25: - | D25: GTS - Installation & Commissioning for XFMRs | E25: Vincent | F25: Not Started | H25: Vincent to collect MSA information needed from GTS for contract start | I25: MEPA | J25: Vincent | O25: =IF(ISBLANK(N25),"",TODAY()-N25) | Q25: ACP_Negotiations_Vincent/MEPA/GTS/ | U25: Manual Only
A26: 22 | B26: MTS Parts for TES | C26: - | D26: Areias - Marshalling Cabinet / TES Cabinet | E26: Vincent | F26: Negotiating | H26: Vincent to add to LRS | I26: MEPA | J26: Vincent | O26: =IF(ISBLANK(N26),"",TODAY()-N26) | Q26: ACP_Negotiations_Vincent/MEPA/Areias/ | U26: Manual Only
A27: 23 | B27: MTS Parts for TES | C27: - | D27: ASG (Rexel) - Marshalling Cabinet / TES Cabinet | E27: Vincent | F27: Negotiating | H27: Vincent to review and send back to legal | I27: MEPA | J27: Vincent | O27: =IF(ISBLANK(N27),"",TODAY()-N27) | Q27: ACP_Negotiations_Vincent/MEPA/ASG_(Rexel)/ | U27: Manual Only
A28: 24 | B28: MTS Parts for TES | C28: - | D28: Nanez - Busbar Enclosure / MCAB Frame | E28: Legal | F28: Negotiating | H28: Jeff is still reviewing the LRS | I28: MEPA | J28: Vincent | O28: =IF(ISBLANK(N28),"",TODAY()-N28) | Q28: ACP_Negotiations_Vincent/MEPA/Nanez/ | U28: Manual Only
A29: 25 | B29: MTS Parts for TES | C29: - | D29: Quantum / RPC / 4iec - Busbar Enclosure / MCAB Frame | E29: Supplier | F29: Negotiating | I29: MEPA | J29: Vincent | O29: =IF(ISBLANK(N29),"",TODAY()-N29) | Q29: ACP_Negotiations_Vincent/MEPA/Quantum___RPC___4iec/ | U29: Manual Only
A30: 26 | B30: MTS Parts for TES | C30: - | D30: JL Precision - Busbar Enclosure / MCAB Frame | E30: Completed | F30: Executed / Active | H30: Fully executed | I30: MEPA | J30: Vincent | O30: =IF(ISBLANK(N30),"",TODAY()-N30) | Q30: ACP_Negotiations_Vincent/MEPA/JL_Precision/ | U30: Manual Only
A31: 27 | B31: MTS Parts for TES | C31: - | D31: Xometry - Busbar Standoff / Other | E31: Supplier | F31: Negotiating | H31: Vincent to follow up with Xometry | I31: MEPA | J31: Vincent | O31: =IF(ISBLANK(N31),"",TODAY()-N31) | Q31: ACP_Negotiations_Vincent/MEPA/Xometry/ | U31: Manual Only
A32: 28 | B32: MTS Parts for TES | C32: - | D32: MPI Morheat | E32: Completed | F32: Executed / Active | H32: Fully executed | I32: MEPA | J32: Vincent | O32: =IF(ISBLANK(N32),"",TODAY()-N32) | Q32: ACP_Negotiations_Vincent/MEPA/MPI_Morheat/ | U32: Manual Only
A33: 29 | B33: MTS Parts for TES | C33: - | D33: Bizlink | E33: Vincent | F33: MPA Sent | H33: Need to establish more credit / business before MPA can progress | I33: MEPA | J33: Vincent | O33: =IF(ISBLANK(N33),"",TODAY()-N33) | Q33: ACP_Negotiations_Vincent/MEPA/Bizlink/ | U33: Manual Only
A34: 30 | B34: MTS Parts for TES | C34: - | D34: Creative Manufacturing Solutions | E34: Supplier | F34: Negotiating | I34: MEPA | J34: Vincent | O34: =IF(ISBLANK(N34),"",TODAY()-N34) | Q34: ACP_Negotiations_Vincent/MEPA/Creative_Manufacturing_Solutions/ | U34: Manual Only
A35: 31 | B35: MTS Parts for TES | C35: - | D35: Custom Fabricated Solutions | E35: Legal | F35: Negotiating | I35: MEPA | J35: Vincent | O35: =IF(ISBLANK(N35),"",TODAY()-N35) | Q35: ACP_Negotiations_Vincent/MEPA/Custom_Fabricated_Solutions/ | U35: Manual Only
A36: 32 | B36: MTS Parts for TES | C36: - | D36: Wesco | E36: Legal | F36: Negotiating | I36: MEPA | J36: Vincent | O36: =IF(ISBLANK(N36),"",TODAY()-N36) | Q36: ACP_Negotiations_Vincent/MEPA/Wesco/ | U36: Manual Only
A37: 33 | B37: MTS Parts for TES | C37: - | D37: Javelin | E37: Vincent | F37: Not Started | H37: Vincent to gather information | I37: MEPA | J37: Vincent | O37: =IF(ISBLANK(N37),"",TODAY()-N37) | Q37: ACP_Negotiations_Vincent/MEPA/Javelin/ | U37: Manual Only
A38: 34 | B38: MTS Parts for TES | C38: - | D38: Graybar | E38: Vincent | F38: Not Started | H38: Vincent to gather information | I38: MEPA | J38: Vincent | O38: =IF(ISBLANK(N38),"",TODAY()-N38) | Q38: ACP_Negotiations_Vincent/MEPA/Graybar/ | U38: Manual Only
A39: 35 | B39: MTS Parts for TES | C39: - | D39: Protolabs - Busbar Standoff / Other | E39: Supplier | F39: On Hold | H39: Will not execute MPA currently | I39: MEPA | J39: Vincent | O39: =IF(ISBLANK(N39),"",TODAY()-N39) | Q39: ACP_Negotiations_Vincent/MEPA/Protolabs/ | U39: Manual Only
A40: 36 | B40: MTS Parts for TES | C40: - | D40: WeWire | E40: Supplier | F40: Will Not Execute | H40: No-bid on current harness design – no point to onboard to MPA | I40: MEPA | J40: Vincent | O40: =IF(ISBLANK(N40),"",TODAY()-N40) | Q40: ACP_Negotiations_Vincent/MEPA/WeWire/ | U40: Manual Only

Sheet Schema Reference
A1: ACP Tracker Schema Reference
A2: Companion to ACP Architecture Specification v2.4 — Section 6.1 Tracker Schema
A4: Column | B4: Origin | C4: Writer | D4: Description | E4: Valid Values / Format
A5: # | B5: v1 | C5: Human (SCM) | D5: Sequential row identifier within this SCM's tracker. Unique within tracker. | E5: Positive integer
A6: Category | B6: v1 | C6: Human (SCM) | D6: High-level category for filtering and grouping. Existing values from v1. | E6: BOP-EE, BOP-Service, MTS Parts for TES, MTS Parts for MTS, Other
A7: Priority | B7: v1 | C7: Human (SCM) | D7: Priority indicator the SCM assigns; drives queue ordering in Agent 9 outputs. | E7: High, Medium, Low, —
A8: Counterparty / Description | B8: v1 | C8: Human (SCM) | D8: Free-text description of the supplier and scope. Counterparty name should appear first, followed by ' - ' and a scope descriptor (e.g., 'Texas Transformers - 67 1.5MVA TES XFMRs'). | E8: Free text; format: '{Counterparty} - {Scope}'
A9: Who's Court | B9: v1 | C9: Human (SCM) | D9: Who owns the next move. SCM updates this to track handoffs. | E9: Vincent / Tom / Emily / Mugdha / Legal / Engineering / Supplier / Counterparty / Exec Approval / Completed
A10: Status | B10: v1 | C10: Human (SCM) | D10: Current state in the negotiation lifecycle. Validated by Agent 3 against the state machine. | E10: Not Started, Requested, MEPA Sent / MPA Sent / Contract Sent, Redlines Received, Negotiating, Pending Signature, Executed / Active, On Hold, Will Not Execute
A11: Comments | B11: v1 | C11: Human (SCM) | D11: Free-text notes from the SCM. Agents do not write here. | E11: Free text
A12: Action / Next Steps | B12: v1 | C12: Human (SCM) | D12: What needs to happen next and by whom. SCM updates as actions complete. | E12: Free text
A13: Contract Type | B13: v2 | C13: Human (SCM) | D13: Contract type for this negotiation. Phase 1 values are MEPA and MPA. Additional values added per Phase 6+ expansion. Drives playbook selection in Agent 5 and template selection in Agent 6. | E13: MEPA, MPA (Phase 1); NDA, MSA, PO_TC (Phase 6+ candidates)
A14: Owner (SCM) | B14: v2 | C14: Human (SCM) | D14: Which SCM owns this negotiation. Agent 9 uses this to scope tenant-specific views. | E14: Vincent, Tom, Emily, Mugdha
A15: Round Number | B15: v2 | C15: Agent 3 | D15: Current negotiation round. Increments when a new counterparty version is detected by Agent 1. | E15: Integer; starts at 0; increments on each inbound supplier redline
... A26: Audit Log Ref | B26: v2 | C26: Agent 8 | D26: Reference (e.g., row range) to this negotiation's entries in the immutable audit log. | E26: Audit log range string

Sheet Reference Data
A1: Reference Data — Source of Truth for Tracker Validation
A2: Edit values here to update dropdown lists across the Negotiations sheet.
A4: Status Values | B4: Who's Court Values | C4: Priority Values | D4: Contract Type Values | E4: Owner (SCM) Values | F4: LRS Status Values | G4: Automation Status Values | H4: Category Values
A5: Not Started | B5: Vincent | C5: High | D5: MEPA | E5: Vincent | F5: Not Generated | G5: Active | H5: BOP-EE
A6: Requested | B6: Tom | C6: Medium | D6: MPA | E6: Tom | F6: Draft | G6: Paused | H6: BOP-Service
A7: MEPA Sent | B7: Emily | C7: Low | E7: Emily | F7: Awaiting Legal Review | G7: Manual Only | H7: MTS Parts for TES
A8: MPA Sent | B8: Mugdha | C8: — | E8: Mugdha | F8: Approved | H8: MTS Parts for MTS
A9: Contract Sent | B9: Legal | F9: Returned for Revision | H9: Other
A10: Redlines Received | B10: Engineering
A11: Negotiating | B11: Supplier
A12: Pending Signature | B12: Counterparty
A13: Executed / Active | B13: Exec Approval
A14: On Hold | B14: Completed
A15: Will Not Execute

Sheet Summary
A1: Tracker Summary — Vincent's Portfolio
A2: Live counts derived from the Negotiations sheet. No manual maintenance.
A4: Total Negotiations | B4: =COUNTA(Negotiations!A5:A1000)
A6: By Status | D6: By Contract Type
A7: Not Started | B7: =COUNTIF(Negotiations!F5:F1000,"Not Started") | D7: MEPA | E7: =COUNTIF(Negotiations!I5:I1000,"MEPA")
A8: Requested | B8: =COUNTIF(Negotiations!F5:F1000,"Requested") | D8: MPA | E8: =COUNTIF(Negotiations!I5:I1000,"MPA")
A9: MEPA Sent | B9: =COUNTIF(Negotiations!F5:F1000,"MEPA Sent")
A10: MPA Sent | B10: =COUNTIF(Negotiations!F5:F1000,"MPA Sent")
A11: Contract Sent | B11: =COUNTIF(Negotiations!F5:F1000,"Contract Sent") | D11: By Priority
A12: Redlines Received | B12: =COUNTIF(Negotiations!F5:F1000,"Redlines Received") | D12: High | E12: =COUNTIF(Negotiations!C5:C1000,"High")
A13: Negotiating | B13: =COUNTIF(Negotiations!F5:F1000,"Negotiating") | D13: Medium | E13: =COUNTIF(Negotiations!C5:C1000,"Medium")
A14: Pending Signature | B14: =COUNTIF(Negotiations!F5:F1000,"Pending Signature") | D14: Low | E14: =COUNTIF(Negotiations!C5:C1000,"Low")
A15: Executed / Active | B15: =COUNTIF(Negotiations!F5:F1000,"Executed / Active") | D15: — | E15: =COUNTIF(Negotiations!C5:C1000,"—")
A16: On Hold | B16: =COUNTIF(Negotiations!F5:F1000,"On Hold")
A17: Will Not Execute | B17: =COUNTIF(Negotiations!F5:F1000,"Will Not Execute")
D18: Stalled Deals (>14 days)
D19: Negotiations stalled | E19: =COUNTIF(Negotiations!O5:O1000,">14")
A20: By Who's Court
A21: Vincent | B21: =COUNTIF(Negotiations!E5:E1000,"Vincent")
A22: Tom | B22: =COUNTIF(Negotiations!E5:E1000,"Tom")
A23: Emily | B23: =COUNTIF(Negotiations!E5:E1000,"Emily")
A24: Mugdha | B24: =COUNTIF(Negotiations!E5:E1000,"Mugdha")
A25: Legal | B25: =COUNTIF(Negotiations!E5:E1000,"Legal")
A26: Engineering | B26: =COUNTIF(Negotiations!E5:E1000,"Engineering")
A27: Supplier | B27: =COUNTIF(Negotiations!E5:E1000,"Supplier")
A28: Counterparty | B28: =COUNTIF(Negotiations!E5:E1000,"Counterparty")
A29: Exec Approval | B29: =COUNTIF(Negotiations!E5:E1000,"Exec Approval")
A30: Completed | B30: =COUNTIF(Negotiations!E5:E1000,"Completed")
